※ 매월 말일자 통계 현황,Unnamed: 1,Unnamed: 2,Unnamed: 3,Unnamed: 4,Unnamed: 5,Unnamed: 6,Unnamed: 7,Unnamed: 8,Unnamed: 9,Unnamed: 10,Unnamed: 11,Unnamed: 12,Unnamed: 13,Unnamed: 14,Unnamed: 15,Unnamed: 16,Unnamed: 17,Unnamed: 18,Unnamed: 19,Unnamed: 20,Unnamed: 21,Unnamed: 22,Unnamed: 23,Unnamed: 24,Unnamed: 25,Unnamed: 26,Unnamed: 27,Unnamed: 28,Unnamed: 29,Unnamed: 30,Unnamed: 31,Unnamed: 32,Unnamed: 33,Unnamed: 34,Unnamed: 35,Unnamed: 36,Unnamed: 37
,,2026년01월,,,,,,,,,2026년02월,,,,,,,,,2026년03월,,,,,,,,,2026년04월,,,,,,,,
,,전월인구수,,,당월인구수,,,인구증감,,,전월인구수,,,당월인구수,,,인구증감,,,전월인구수,,,당월인구수,,,인구증감,,,전월인구수,,,당월인구수,,,인구증감,,
행정기관코드,행정기관,남자인구수,여자인구수,계,남자인구수,여자인구수,계,남자인구수,여자인구수,계,남자인구수,여자인구수,계,남자인구수,여자인구수,계,남자인구수,여자인구수,계,남자인구수,여자인구수,계,남자인구수,여자인구수,계,남자인구수,여자인구수,계,남자인구수,여자인구수,계,남자인구수,여자인구수,계,남자인구수,여자인구수,계
1000000000,전국  ,"25,436,665","25,680,713","51,117,378","25,432,356","25,678,802","51,111,158","-4,309","-1,911","-6,220","25,432,356","25,678,802","51,111,158","25,429,357","25,676,872","51,106,229","-2,999","-1,930","-4,929","25,429,357","25,676,872","51,106,229","25,425,930","25,675,441","51,101,371","-3,427","-1,431","-4,858","25,425,930","25,675,441","51,101,371","25,423,432","25,674,554","51,097,986","-2,498",-887,"-3,385"
1100000000,서울특별시  ,"4,481,099","4,818,449","9,299,548","4,480,849","4,818,852","9,299,701",-250,403,153,"4,480,849","4,818,852","9,299,701","4,482,300","4,821,829","9,304,129","1,451","2,977","4,428","4,482,300","4,821,829","9,304,129","4,480,938","4,823,462","9,304,400","-1,362","1,633",271,"4,480,938","4,823,462","9,304,400","4,477,462","4,821,211","9,298,673","-3,476","-2,251","-5,727"
1111000000,서울특별시 종로구 ,"65,668","71,380","137,048","65,539","71,259","136,798",-129,-121,-250,"65,539","71,259","136,798","65,495","71,269","136,764",-44,10,-34,"65,495","71,269","136,764","65,500","71,317","136,817",5,48,53,"65,500","71,317","136,817","65,420","71,296","136,716",-80,-21,-101
1114000000,서울특별시 중구 ,"56,560","61,245","117,805","56,484","61,234","117,718",-76,-11,-87,"56,484","61,234","117,718","56,464","61,161","117,625",-20,-73,-93,"56,464","61,161","117,625","56,567","61,195","117,762",103,34,137,"56,567","61,195","117,762","56,561","61,199","117,760",-6,4,-2
1117000000,서울특별시 용산구 ,"96,065","105,829","201,894","95,984","105,762","201,746",-81,-67,-148,"95,984","105,762","201,746","95,846","105,648","201,494",-138,-114,-252,"95,846","105,648","201,494","95,540","105,422","200,962",-306,-226,-532,"95,540","105,422","200,962","95,104","105,083","200,187",-436,-339,-775
1120000000,서울특별시 성동구 ,"132,541","142,065","274,606","132,585","142,110","274,695",44,45,89,"132,585","142,110","274,695","132,577","142,277","274,854",-8,167,159,"132,577","142,277","274,854","132,662","142,431","275,093",85,154,239,"132,662","142,431","275,093","132,590","142,327","274,917",-72,-104,-176
1121500000,서울특별시 광진구 ,"158,534","172,633","331,167","158,412","172,521","330,933",-122,-112,-234,"158,412","172,521","330,933","158,509","172,586","331,095",97,65,162,"158,509","172,586","331,095","158,449","172,674","331,123",-60,88,28,"158,449","172,674","331,123","158,364","172,665","331,029",-85,-9,-94
1123000000,서울특별시 동대문구 ,"168,825","177,416","346,241","169,928","178,692","348,620","1,103","1,276","2,379","169,928","178,692","348,620","170,741","179,652","350,393",813,960,"1,773","170,741","179,652","350,393","171,239","180,303","351,542",498,651,"1,149","171,239","180,303","351,542","171,281","180,375","351,656",42,72,114
1126000000,서울특별시 중랑구 ,"184,055","192,861","376,916","184,035","192,885","376,920",-20,24,4,"184,035","192,885","376,920","183,932","192,952","376,884",-103,67,-36,"183,932","192,952","376,884","183,800","192,865","376,665",-132,-87,-219,"183,800","192,865","376,665","183,773","192,797","376,570",-27,-68,-95
1129000000,서울특별시 성북구 ,"201,894","220,665","422,559","201,710","220,436","422,146",-184,-229,-413,"201,710","220,436","422,146","201,881","220,661","422,542",171,225,396,"201,881","220,661","422,542","201,797","220,981","422,778",-84,320,236,"201,797","220,981","422,778","201,576","220,876","422,452",-221,-105,-326
1130500000,서울특별시 강북구 ,"134,160","144,768","278,928","134,054","144,696","278,750",-106,-72,-178,"134,054","144,696","278,750","134,045","144,741","278,786",-9,45,36,"134,045","144,741","278,786","133,943","144,843","278,786",-102,102,0,"133,943","144,843","278,786","133,827","144,693","278,520",-116,-150,-266
1132000000,서울특별시 도봉구 ,"144,726","155,173","299,899","144,493","155,052","299,545",-233,-121,-354,"144,493","155,052","299,545","144,374","154,921","299,295",-119,-131,-250,"144,374","154,921","299,295","144,178","154,887","299,065",-196,-34,-230,"144,178","154,887","299,065","144,125","154,714","298,839",-53,-173,-226
1135000000,서울특별시 노원구 ,"231,254","252,287","483,541","230,693","251,768","482,461",-561,-519,"-1,080","230,693","251,768","482,461","230,633","251,660","482,293",-60,-108,-168,"230,633","251,660","482,293","230,739","251,748","482,487",106,88,194,"230,739","251,748","482,487","230,465","251,632","482,097",-274,-116,-390
1138000000,서울특별시 은평구 ,"215,160","239,977","455,137","215,076","239,784","454,860",-84,-193,-277,"215,076","239,784","454,860","214,765","239,576","454,341",-311,-208,-519,"214,765","239,576","454,341","214,621","239,488","454,109",-144,-88,-232,"214,621","239,488","454,109","214,346","239,204","453,550",-275,-284,-559
1141000000,서울특별시 서대문구 ,"141,821","158,326","300,147","141,721","158,221","299,942",-100,-105,-205,"141,721","158,221","299,942","141,730","158,445","300,175",9,224,233,"141,730","158,445","300,175","141,744","158,850","300,594",14,405,419,"141,744","158,850","300,594","141,593","158,802","300,395",-151,-48,-199
1144000000,서울특별시 마포구 ,"165,919","191,697","357,616","165,786","191,446","357,232",-133,-251,-384,"165,786","191,446","357,232","165,689","191,447","357,136",-97,1,-96,"165,689","191,447","357,136","165,646","191,320","356,966",-43,-127,-170,"165,646","191,320","356,966","165,611","191,283","356,894",-35,-37,-72
1147000000,서울특별시 양천구 ,"206,865","218,223","425,088","206,634","217,972","424,606",-231,-251,-482,"206,634","217,972","424,606","206,594","217,905","424,499",-40,-67,-107,"206,594","217,905","424,499","206,106","217,560","423,666",-488,-345,-833,"206,106","217,560","423,666","205,756","217,144","422,900",-350,-416,-766
1150000000,서울특별시 강서구 ,"262,638","287,073","549,711","262,496","287,040","549,536",-142,-33,-175,"262,496","287,040","549,536","262,142","286,908","549,050",-354,-132,-486,"262,142","286,908","549,050","262,058","286,927","548,985",-84,19,-65,"262,058","286,927","548,985","261,899","286,817","548,716",-159,-110,-269
1153000000,서울특별시 구로구 ,"187,514","196,315","383,829","187,220","196,006","383,226",-294,-309,-603,"187,220","196,006","383,226","187,037","195,763","382,800",-183,-243,-426,"187,037","195,763","382,800","186,998","195,838","382,836",-39,75,36,"186,998","195,838","382,836","186,886","195,832","382,718",-112,-6,-118
1154500000,서울특별시 금천구 ,"112,131","111,159","223,290","112,008","111,004","223,012",-123,-155,-278,"112,008","111,004","223,012","111,903","110,906","222,809",-105,-98,-203,"111,903","110,906","222,809","111,810","110,902","222,712",-93,-4,-97,"111,810","110,902","222,712","111,777","110,949","222,726",-33,47,14
1156000000,서울특별시 영등포구 ,"181,236","190,126","371,362","181,063","190,165","371,228",-173,39,-134,"181,063","190,165","371,228","180,918","190,137","371,055",-145,-28,-173,"180,918","190,137","371,055","180,925","190,252","371,177",7,115,122,"180,925","190,252","371,177","181,073","190,398","371,471",148,146,294
1159000000,서울특별시 동작구 ,"179,470","192,454","371,924","179,368","192,380","371,748",-102,-74,-176,"179,368","192,380","371,748","179,409","192,337","371,746",41,-43,-2,"179,409","192,337","371,746","179,595","192,641","372,236",186,304,490,"179,595","192,641","372,236","179,606","192,644","372,250",11,3,14
1162000000,서울특별시 관악구 ,"240,209","237,396","477,605","240,188","237,469","477,657",-21,73,52,"240,188","237,469","477,657","240,381","237,814","478,195",193,345,538,"240,381","237,814","478,195","240,443","238,025","478,468",62,211,273,"240,443","238,025","478,468","240,211","237,933","478,144",-232,-92,-324
1165000000,서울특별시 서초구 ,"196,924","217,504","414,428","197,453","217,954","415,407",529,450,979,"197,453","217,954","415,407","197,511","218,180","415,691",58,226,284,"197,511","218,180","415,691","197,362","218,178","415,540",-149,-2,-151,"197,362","218,178","415,540","197,052","217,947","414,999",-310,-231,-541
1168000000,서울특별시 강남구 ,"265,804","290,526","556,330","265,495","290,292","555,787",-309,-234,-543,"265,495","290,292","555,787","265,349","290,153","555,502",-146,-139,-285,"265,349","290,153","555,502","264,616","289,549","554,165",-733,-604,"-1,337","264,616","289,549","554,165","264,081","289,179","553,260",-535,-370,-905
1171000000,서울특별시 송파구 ,"307,898","335,452","643,350","309,111","336,710","645,821","1,213","1,258","2,471","309,111","336,710","645,821","310,717","338,325","649,042","1,606","1,615","3,221","310,717","338,325","649,042","311,179","338,892","650,071",462,567,"1,029","311,179","338,892","650,071","311,272","339,175","650,447",93,283,376
1174000000,서울특별시 강동구 ,"243,228","255,899","499,127","243,313","255,994","499,307",85,95,180,"243,313","255,994","499,307","243,658","256,405","500,063",345,411,756,"243,658","256,405","500,063","243,421","256,374","499,795",-237,-31,-268,"243,421","256,374","499,795","243,213","256,247","499,460",-208,-127,-335
2600000000,부산광역시  ,"1,575,600","1,666,000","3,241,600","1,574,469","1,665,242","3,239,711","-1,131",-758,"-1,889","1,574,469","1,665,242","3,239,711","1,574,040","1,664,976","3,239,016",-429,-266,-695,"1,574,040","1,664,976","3,239,016","1,572,969","1,664,258","3,237,227","-1,071",-718,"-1,789","1,572,969","1,664,258","3,237,227","1,571,952","1,663,409","3,235,361","-1,017",-849,"-1,866"
2611000000,부산광역시 중구 ,"17,665","18,853","36,518","17,641","18,808","36,449",-24,-45,-69,"17,641","18,808","36,449","17,641","18,758","36,399",0,-50,-50,"17,641","18,758","36,399","17,622","18,769","36,391",-19,11,-8,"17,622","18,769","36,391","17,617","18,780","36,397",-5,11,6
2614000000,부산광역시 서구 ,"48,825","53,067","101,892","48,702","52,931","101,633",-123,-136,-259,"48,702","52,931","101,633","48,659","52,913","101,572",-43,-18,-61,"48,659","52,913","101,572","48,567","52,885","101,452",-92,-28,-120,"48,567","52,885","101,452","48,506","52,806","101,312",-61,-79,-140
2617000000,부산광역시 동구 ,"40,685","43,166","83,851","40,647","43,118","83,765",-38,-48,-86,"40,647","43,118","83,765","40,552","43,001","83,553",-95,-117,-212,"40,552","43,001","83,553","40,542","42,988","83,530",-10,-13,-23,"40,542","42,988","83,530","40,510","42,965","83,475",-32,-23,-55
2620000000,부산광역시 영도구 ,"49,805","51,775","101,580","49,607","51,645","101,252",-198,-130,-328,"49,607","51,645","101,252","49,442","51,502","100,944",-165,-143,-308,"49,442","51,502","100,944","49,341","51,392","100,733",-101,-110,-211,"49,341","51,392","100,733","49,300","51,333","100,633",-41,-59,-100
2623000000,부산광역시 부산진구 ,"174,723","190,655","365,378","174,678","190,706","365,384",-45,51,6,"174,678","190,706","365,384","174,591","190,804","365,395",-87,98,11,"174,591","190,804","365,395","174,467","190,827","365,294",-124,23,-101,"174,467","190,827","365,294","174,413","190,744","365,157",-54,-83,-137
2626000000,부산광역시 동래구 ,"131,538","141,739","273,277","131,461","141,710","273,171",-77,-29,-106,"131,461","141,710","273,171","131,198","141,560","272,758",-263,-150,-413,"131,198","141,560","272,758","130,880","141,275","272,155",-318,-285,-603,"130,880","141,275","272,155","130,705","141,110","271,815",-175,-165,-340
2629000000,부산광역시 남구 ,"121,574","129,094","250,668","121,758","129,356","251,114",184,262,446,"121,758","129,356","251,114","122,619","130,130","252,749",861,774,"1,635","122,619","130,130","252,749","123,129","130,639","253,768",510,509,"1,019","123,129","130,639","253,768","123,206","130,707","253,913",77,68,145
2632000000,부산광역시 북구 ,"128,773","134,089","262,862","128,612","133,894","262,506",-161,-195,-356,"128,612","133,894","262,506","128,349","133,651","262,000",-263,-243,-506,"128,349","133,651","262,000","128,113","133,444","261,557",-236,-207,-443,"128,113","133,444","261,557","127,999","133,317","261,316",-114,-127,-241
2635000000,부산광역시 해운대구 ,"178,330","194,274","372,604","178,214","194,186","372,400",-116,-88,-204,"178,214","194,186","372,400","178,146","194,029","372,175",-68,-157,-225,"178,146","194,029","372,175","177,808","193,662","371,470",-338,-367,-705,"177,808","193,662","371,470","177,629","193,514","371,143",-179,-148,-327
2638000000,부산광역시 사하구 ,"141,867","144,355","286,222","141,456","144,078","285,534",-411,-277,-688,"141,456","144,078","285,534","141,022","143,631","284,653",-434,-447,-881,"141,022","143,631","284,653","140,693","143,252","283,945",-329,-379,-708,"140,693","143,252","283,945","140,331","142,927","283,258",-362,-325,-687
2641000000,부산광역시 금정구 ,"100,441","106,147","206,588","100,151","105,888","206,039",-290,-259,-549,"100,151","105,888","206,039","100,086","105,846","205,932",-65,-42,-107,"100,086","105,846","205,932","100,071","105,962","206,033",-15,116,101,"100,071","105,962","206,033","99,994","105,886","205,880",-77,-76,-153
2644000000,부산광역시 강서구 ,"77,671","72,628","150,299","77,974","72,874","150,848",303,246,549,"77,974","72,874","150,848","78,532","73,356","151,888",558,482,"1,040","78,532","73,356","151,888","78,797","73,617","152,414",265,261,526,"78,797","73,617","152,414","78,988","73,838","152,826",191,221,412
2647000000,부산광역시 연제구 ,"100,894","110,833","211,727","100,833","110,831","211,664",-61,-2,-63,"100,833","110,831","211,664","100,705","110,801","211,506",-128,-30,-158,"100,705","110,801","211,506","100,646","110,780","211,426",-59,-21,-80,"100,646","110,780","211,426","100,653","110,838","211,491",7,58,65
2650000000,부산광역시 수영구 ,"79,181","89,931","169,112","79,097","89,815","168,912",-84,-116,-200,"79,097","89,815","168,912","79,012","89,733","168,745",-85,-82,-167,"79,012","89,733","168,745","78,955","89,630","168,585",-57,-103,-160,"78,955","89,630","168,585","78,924","89,653","168,577",-31,23,-8
2653000000,부산광역시 사상구 ,"96,949","97,175","194,124","96,761","96,989","193,750",-188,-186,-374,"96,761","96,989","193,750","96,599","96,875","193,474",-162,-114,-276,"96,599","96,875","193,474","96,442","96,747","193,189",-157,-128,-285,"96,442","96,747","193,189","96,297","96,604","192,901",-145,-143,-288
2671000000,부산광역시 기장군 ,"86,679","88,219","174,898","86,877","88,413","175,290",198,194,392,"86,877","88,413","175,290","86,887","88,386","175,273",10,-27,-17,"86,887","88,386","175,273","86,896","88,389","175,285",9,3,12,"86,896","88,389","175,285","86,880","88,387","175,267",-16,-2,-18
2700000000,대구광역시  ,"1,152,579","1,200,453","2,353,032","1,152,176","1,200,073","2,352,249",-403,-380,-783,"1,152,176","1,200,073","2,352,249","1,151,654","1,199,807","2,351,461",-522,-266,-788,"1,151,654","1,199,807","2,351,461","1,150,700","1,199,342","2,350,042",-954,-465,"-1,419","1,150,700","1,199,342","2,350,042","1,150,292","1,199,068","2,349,360",-408,-274,-682
2711000000,대구광역시 중구 ,"48,242","52,765","101,007","48,285","52,814","101,099",43,49,92,"48,285","52,814","101,099","48,285","52,796","101,081",0,-18,-18,"48,285","52,796","101,081","48,421","52,928","101,349",136,132,268,"48,421","52,928","101,349","48,547","53,029","101,576",126,101,227
2714000000,대구광역시 동구 ,"165,727","173,554","339,281","165,669","173,498","339,167",-58,-56,-114,"165,669","173,498","339,167","165,398","173,355","338,753",-271,-143,-414,"165,398","173,355","338,753","165,224","173,182","338,406",-174,-173,-347,"165,224","173,182","338,406","165,087","173,175","338,262",-137,-7,-144
2717000000,대구광역시 서구 ,"81,168","82,788","163,956","81,177","82,841","164,018",9,53,62,"81,177","82,841","164,018","81,127","82,860","163,987",-50,19,-31,"81,127","82,860","163,987","81,059","82,794","163,853",-68,-66,-134,"81,059","82,794","163,853","81,029","82,782","163,811",-30,-12,-42
2720000000,대구광역시 남구 ,"64,484","71,058","135,542","64,994","71,503","136,497",510,445,955,"64,994","71,503","136,497","65,578","72,168","137,746",584,665,"1,249","65,578","72,168","137,746","65,906","72,640","138,546",328,472,800,"65,906","72,640","138,546","66,174","72,947","139,121",268,307,575
2723000000,대구광역시 북구 ,"202,629","207,225","409,854","202,139","206,751","408,890",-490,-474,-964,"202,139","206,751","408,890","201,970","206,511","408,481",-169,-240,-409,"201,970","206,511","408,481","201,810","206,405","408,215",-160,-106,-266,"201,810","206,405","408,215","201,650","206,226","407,876",-160,-179,-339
2726000000,대구광역시 수성구 ,"196,563","212,659","409,222","196,589","212,743","409,332",26,84,110,"196,589","212,743","409,332","196,537","212,760","409,297",-52,17,-35,"196,537","212,760","409,297","196,296","212,634","408,930",-241,-126,-367,"196,296","212,634","408,930","196,211","212,532","408,743",-85,-102,-187
2729000000,대구광역시 달서구 ,"253,088","263,971","517,059","252,812","263,685","516,497",-276,-286,-562,"252,812","263,685","516,497","252,501","263,518","516,019",-311,-167,-478,"252,501","263,518","516,019","252,041","263,101","515,142",-460,-417,-877,"252,041","263,101","515,142","251,742","262,935","514,677",-299,-166,-465
2771000000,대구광역시 달성군 ,"128,994","125,665","254,659","128,771","125,442","254,213",-223,-223,-446,"128,771","125,442","254,213","128,496","125,034","253,530",-275,-408,-683,"128,496","125,034","253,530","128,168","124,846","253,014",-328,-188,-516,"128,168","124,846","253,014","128,028","124,599","252,627",-140,-247,-387
2772000000,대구광역시 군위군 ,"11,684","10,768","22,452","11,740","10,796","22,536",56,28,84,"11,740","10,796","22,536","11,762","10,805","22,567",22,9,31,"11,762","10,805","22,567","11,775","10,812","22,587",13,7,20,"11,775","10,812","22,587","11,824","10,843","22,667",49,31,80
2800000000,인천광역시  ,"1,524,286","1,527,675","3,051,961","1,524,774","1,528,534","3,053,308",488,859,"1,347","1,524,774","1,528,534","3,053,308","1,525,266","1,529,101","3,054,367",492,567,"1,059","1,525,266","1,529,101","3,054,367","1,525,994","1,529,989","3,055,983",728,888,"1,616","1,525,994","1,529,989","3,055,983","1,526,524","1,530,702","3,057,226",530,713,"1,243"
2811000000,인천광역시 중구 ,"91,366","85,101","176,467","91,664","85,426","177,090",298,325,623,"91,664","85,426","177,090","91,923","85,602","177,525",259,176,435,"91,923","85,602","177,525","92,087","85,761","177,848",164,159,323,"92,087","85,761","177,848","92,225","85,920","178,145",138,159,297
2814000000,인천광역시 동구 ,"28,236","28,241","56,477","28,220","28,249","56,469",-16,8,-8,"28,220","28,249","56,469","28,509","28,524","57,033",289,275,564,"28,509","28,524","57,033","28,815","28,788","57,603",306,264,570,"28,815","28,788","57,603","28,877","28,876","57,753",62,88,150
2817700000,인천광역시 미추홀구 ,"209,946","207,632","417,578","209,739","207,459","417,198",-207,-173,-380,"209,739","207,459","417,198","209,559","207,382","416,941",-180,-77,-257,"209,559","207,382","416,941","209,925","207,561","417,486",366,179,545,"209,925","207,561","417,486","210,001","207,546","417,547",76,-15,61
2818500000,인천광역시 연수구 ,"202,573","206,864","409,437","202,719","207,095","409,814",146,231,377,"202,719","207,095","409,814","202,816","207,224","410,040",97,129,226,"202,816","207,224","410,040","202,835","207,215","410,050",19,-9,10,"202,835","207,215","410,050","202,911","207,280","410,191",76,65,141
2820000000,인천광역시 남동구 ,"238,057","242,090","480,147","238,041","242,107","480,148",-16,17,1,"238,041","242,107","480,148","237,920","241,954","479,874",-121,-153,-274,"237,920","241,954","479,874","237,781","241,919","479,700",-139,-35,-174,"237,781","241,919","479,700","237,693","241,873","479,566",-88,-46,-134
2823700000,인천광역시 부평구 ,"240,854","249,588","490,442","240,762","249,465","490,227",-92,-123,-215,"240,762","249,465","490,227","240,608","249,293","489,901",-154,-172,-326,"240,608","249,293","489,901","240,311","249,079","489,390",-297,-214,-511,"240,311","249,079","489,390","240,086","249,041","489,127",-225,-38,-263
2824500000,인천광역시 계양구 ,"138,177","139,544","277,721","138,105","139,531","277,636",-72,-13,-85,"138,105","139,531","277,636","137,945","139,427","277,372",-160,-104,-264,"137,945","139,427","277,372","137,825","139,332","277,157",-120,-95,-215,"137,825","139,332","277,157","137,660","139,191","276,851",-165,-141,-306
2826000000,인천광역시 서구 ,"328,995","325,363","654,358","329,495","325,974","655,469",500,611,"1,111","329,495","325,974","655,469","330,017","326,532","656,549",522,558,"1,080","330,017","326,532","656,549","330,517","327,192","657,709",500,660,"1,160","330,517","327,192","657,709","331,126","327,858","658,984",609,666,"1,275"
2871000000,인천광역시 강화군 ,"34,858","34,840","69,698","34,865","34,833","69,698",7,-7,0,"34,865","34,833","69,698","34,880","34,797","69,677",15,-36,-21,"34,880","34,797","69,677","34,835","34,780","69,615",-45,-17,-62,"34,835","34,780","69,615","34,893","34,772","69,665",58,-8,50
2872000000,인천광역시 옹진군 ,"11,224","8,412","19,636","11,164","8,395","19,559",-60,-17,-77,"11,164","8,395","19,559","11,089","8,366","19,455",-75,-29,-104,"11,089","8,366","19,455","11,063","8,362","19,425",-26,-4,-30,"11,063","8,362","19,425","11,052","8,345","19,397",-11,-17,-28
2900000000,광주광역시  ,"686,799","705,214","1,392,013","686,113","704,545","1,390,658",-686,-669,"-1,355","686,113","704,545","1,390,658","685,321","703,914","1,389,235",-792,-631,"-1,423","685,321","703,914","1,389,235","684,400","703,219","1,387,619",-921,-695,"-1,616","684,400","703,219","1,387,619","683,873","702,694","1,386,567",-527,-525,"-1,052"
2911000000,광주광역시 동구 ,"51,344","53,544","104,888","51,283","53,511","104,794",-61,-33,-94,"51,283","53,511","104,794","51,265","53,529","104,794",-18,18,0,"51,265","53,529","104,794","51,201","53,539","104,740",-64,10,-54,"51,201","53,539","104,740","51,202","53,528","104,730",1,-11,-10
2914000000,광주광역시 서구 ,"134,454","140,609","275,063","134,557","140,761","275,318",103,152,255,"134,557","140,761","275,318","134,771","140,959","275,730",214,198,412,"134,771","140,959","275,730","134,793","141,014","275,807",22,55,77,"134,793","141,014","275,807","134,573","140,661","275,234",-220,-353,-573
2915500000,광주광역시 남구 ,"99,143","108,453","207,596","98,961","108,275","207,236",-182,-178,-360,"98,961","108,275","207,236","98,836","108,179","207,015",-125,-96,-221,"98,836","108,179","207,015","98,640","108,063","206,703",-196,-116,-312,"98,640","108,063","206,703","98,448","107,927","206,375",-192,-136,-328
2917000000,광주광역시 북구 ,"206,014","210,848","416,862","205,715","210,547","416,262",-299,-301,-600,"205,715","210,547","416,262","205,266","210,207","415,473",-449,-340,-789,"205,266","210,207","415,473","204,931","209,864","414,795",-335,-343,-678,"204,931","209,864","414,795","205,316","210,264","415,580",385,400,785
2920000000,광주광역시 광산구 ,"195,844","191,760","387,604","195,597","191,451","387,048",-247,-309,-556,"195,597","191,451","387,048","195,183","191,040","386,223",-414,-411,-825,"195,183","191,040","386,223","194,835","190,739","385,574",-348,-301,-649,"194,835","190,739","385,574","194,334","190,314","384,648",-501,-425,-926
3000000000,대전광역시  ,"717,936","722,793","1,440,729","717,710","722,840","1,440,550",-226,47,-179,"717,710","722,840","1,440,550","718,084","723,321","1,441,405",374,481,855,"718,084","723,321","1,441,405","718,151","723,628","1,441,779",67,307,374,"718,151","723,628","1,441,779","718,049","723,638","1,441,687",-102,10,-92
3011000000,대전광역시 동구 ,"110,073","108,591","218,664","109,780","108,329","218,109",-293,-262,-555,"109,780","108,329","218,109","109,786","108,383","218,169",6,54,60,"109,786","108,383","218,169","109,886","108,433","218,319",100,50,150,"109,886","108,433","218,319","109,903","108,459","218,362",17,26,43
3014000000,대전광역시 중구 ,"110,505","115,140","225,645","110,359","115,064","225,423",-146,-76,-222,"110,359","115,064","225,423","110,223","115,027","225,250",-136,-37,-173,"110,223","115,027","225,250","109,988","115,004","224,992",-235,-23,-258,"109,988","115,004","224,992","109,808","114,857","224,665",-180,-147,-327
3017000000,대전광역시 서구 ,"227,049","236,302","463,351","227,044","236,399","463,443",-5,97,92,"227,044","236,399","463,443","227,245","236,618","463,863",201,219,420,"227,245","236,618","463,863","227,069","236,547","463,616",-176,-71,-247,"227,069","236,547","463,616","227,012","236,562","463,574",-57,15,-42
3020000000,대전광역시 유성구 ,"186,220","181,314","367,534","186,645","181,709","368,354",425,395,820,"186,645","181,709","368,354","187,059","182,054","369,113",414,345,759,"187,059","182,054","369,113","187,571","182,491","370,062",512,437,949,"187,571","182,491","370,062","187,882","182,728","370,610",311,237,548
3023000000,대전광역시 대덕구 ,"84,089","81,446","165,535","83,882","81,339","165,221",-207,-107,-314,"83,882","81,339","165,221","83,771","81,239","165,010",-111,-100,-211,"83,771","81,239","165,010","83,637","81,153","164,790",-134,-86,-220,"83,637","81,153","164,790","83,444","81,032","164,476",-193,-121,-314
3100000000,울산광역시  ,"562,926","529,022","1,091,948","562,579","528,702","1,091,281",-347,-320,-667,"562,579","528,702","1,091,281","561,965","527,870","1,089,835",-614,-832,"-1,446","561,965","527,870","1,089,835","561,458","527,214","1,088,672",-507,-656,"-1,163","561,458","527,214","1,088,672","561,115","526,926","1,088,041",-343,-288,-631
3111000000,울산광역시 중구 ,"103,272","100,897","204,169","103,146","100,822","203,968",-126,-75,-201,"103,146","100,822","203,968","102,984","100,698","203,682",-162,-124,-286,"102,984","100,698","203,682","102,842","100,544","203,386",-142,-154,-296,"102,842","100,544","203,386","102,781","100,558","203,339",-61,14,-47
3114000000,울산광역시 남구 ,"155,763","148,365","304,128","155,959","148,583","304,542",196,218,414,"155,959","148,583","304,542","156,033","148,615","304,648",74,32,106,"156,033","148,615","304,648","156,026","148,544","304,570",-7,-71,-78,"156,026","148,544","304,570","155,973","148,484","304,457",-53,-60,-113
3117000000,울산광역시 동구 ,"78,077","71,180","149,257","77,987","70,999","148,986",-90,-181,-271,"77,987","70,999","148,986","77,757","70,712","148,469",-230,-287,-517,"77,757","70,712","148,469","77,646","70,548","148,194",-111,-164,-275,"77,646","70,548","148,194","77,483","70,442","147,925",-163,-106,-269
3120000000,울산광역시 북구 ,"112,023","103,197","215,220","111,836","102,983","214,819",-187,-214,-401,"111,836","102,983","214,819","111,681","102,714","214,395",-155,-269,-424,"111,681","102,714","214,395","111,570","102,600","214,170",-111,-114,-225,"111,570","102,600","214,170","111,502","102,524","214,026",-68,-76,-144
3171000000,울산광역시 울주군 ,"113,791","105,383","219,174","113,651","105,315","218,966",-140,-68,-208,"113,651","105,315","218,966","113,510","105,131","218,641",-141,-184,-325,"113,510","105,131","218,641","113,374","104,978","218,352",-136,-153,-289,"113,374","104,978","218,352","113,376","104,918","218,294",2,-60,-58
3600000000,세종특별자치시  ,"195,107","196,858","391,965","194,897","196,580","391,477",-210,-278,-488,"194,897","196,580","391,477","194,784","196,456","391,240",-113,-124,-237,"194,784","196,456","391,240","194,744","196,328","391,072",-40,-128,-168,"194,744","196,328","391,072","194,741","196,283","391,024",-3,-45,-48
3611000000,세종특별자치시  ,"195,107","196,858","391,965","194,897","196,580","391,477",-210,-278,-488,"194,897","196,580","391,477","194,784","196,456","391,240",-113,-124,-237,"194,784","196,456","391,240","194,744","196,328","391,072",-40,-128,-168,"194,744","196,328","391,072","194,741","196,283","391,024",-3,-45,-48
4100000000,경기도  ,"6,894,990","6,835,145","13,730,135","6,897,544","6,839,098","13,736,642","2,554","3,953","6,507","6,897,544","6,839,098","13,736,642","6,899,712","6,842,360","13,742,072","2,168","3,262","5,430","6,899,712","6,842,360","13,742,072","6,901,180","6,844,493","13,745,673","1,468","2,133","3,601","6,901,180","6,844,493","13,745,673","6,903,574","6,847,524","13,751,098","2,394","3,031","5,425"
4111000000,경기도 수원시 ,"596,008","590,507","1,186,515","595,607","590,403","1,186,010",-401,-104,-505,"595,607","590,403","1,186,010","595,707","590,377","1,186,084",100,-26,74,"595,707","590,377","1,186,084","595,573","590,594","1,186,167",-134,217,83,"595,573","590,594","1,186,167","595,478","590,672","1,186,150",-95,78,-17
4113000000,경기도 성남시 ,"447,380","458,414","905,794","447,536","458,624","906,160",156,210,366,"447,536","458,624","906,160","447,553","458,648","906,201",17,24,41,"447,553","458,648","906,201","447,116","458,377","905,493",-437,-271,-708,"447,116","458,377","905,493","446,684","457,892","904,576",-432,-485,-917
4115000000,경기도 의정부시 ,"226,640","234,932","461,572","226,568","234,973","461,541",-72,41,-31,"226,568","234,973","461,541","226,525","235,056","461,581",-43,83,40,"226,525","235,056","461,581","226,357","235,103","461,460",-168,47,-121,"226,357","235,103","461,460","226,495","235,246","461,741",138,143,281
4117000000,경기도 안양시 ,"277,696","285,583","563,279","277,702","285,646","563,348",6,63,69,"277,702","285,646","563,348","277,663","285,730","563,393",-39,84,45,"277,663","285,730","563,393","277,253","285,413","562,666",-410,-317,-727,"277,253","285,413","562,666","277,085","285,324","562,409",-168,-89,-257
4119000000,경기도 부천시 ,"373,863","384,933","758,796","373,566","384,646","758,212",-297,-287,-584,"373,566","384,646","758,212","373,027","384,417","757,444",-539,-229,-768,"373,027","384,417","757,444","372,538","384,163","756,701",-489,-254,-743,"372,538","384,163","756,701","372,250","384,106","756,356",-288,-57,-345
4121000000,경기도 광명시 ,"143,943","150,004","293,947","145,645","151,823","297,468","1,702","1,819","3,521","145,645","151,823","297,468","147,321","153,505","300,826","1,676","1,682","3,358","147,321","153,505","300,826","148,082","154,308","302,390",761,803,"1,564","148,082","154,308","302,390","148,412","154,679","303,091",330,371,701
4122000000,경기도 평택시 ,"320,208","290,194","610,402","321,133","290,962","612,095",925,768,"1,693","321,133","290,962","612,095","321,932","291,524","613,456",799,562,"1,361","321,932","291,524","613,456","322,980","292,127","615,107","1,048",603,"1,651","322,980","292,127","615,107","323,931","292,586","616,517",951,459,"1,410"
4125000000,경기도 동두천시 ,"43,066","43,372","86,438","42,975","43,356","86,331",-91,-16,-107,"42,975","43,356","86,331","42,958","43,341","86,299",-17,-15,-32,"42,958","43,341","86,299","42,988","43,338","86,326",30,-3,27,"42,988","43,338","86,326","42,979","43,314","86,293",-9,-24,-33
4127000000,경기도 안산시 ,"313,809","298,699","612,508","313,470","298,390","611,860",-339,-309,-648,"313,470","298,390","611,860","313,266","298,201","611,467",-204,-189,-393,"313,266","298,201","611,467","312,874","297,909","610,783",-392,-292,-684,"312,874","297,909","610,783","312,487","297,594","610,081",-387,-315,-702
4128000000,경기도 고양시 ,"515,838","544,243","1,060,081","515,712","544,286","1,059,998",-126,43,-83,"515,712","544,286","1,059,998","515,334","544,096","1,059,430",-378,-190,-568,"515,334","544,096","1,059,430","514,585","543,465","1,058,050",-749,-631,"-1,380","514,585","543,465","1,058,050","514,253","543,509","1,057,762",-332,44,-288
4129000000,경기도 과천시 ,"38,906","41,002","79,908","38,915","41,036","79,951",9,34,43,"38,915","41,036","79,951","38,997","41,101","80,098",82,65,147,"38,997","41,101","80,098","39,045","41,152","80,197",48,51,99,"39,045","41,152","80,197","39,067","41,183","80,250",22,31,53
4131000000,경기도 구리시 ,"92,162","93,928","186,090","92,161","93,957","186,118",-1,29,28,"92,161","93,957","186,118","92,053","93,893","185,946",-108,-64,-172,"92,053","93,893","185,946","92,055","93,927","185,982",2,34,36,"92,055","93,927","185,982","92,498","94,357","186,855",443,430,873
4136000000,경기도 남양주시 ,"360,722","369,032","729,754","360,593","368,959","729,552",-129,-73,-202,"360,593","368,959","729,552","360,334","368,808","729,142",-259,-151,-410,"360,334","368,808","729,142","359,912","368,685","728,597",-422,-123,-545,"359,912","368,685","728,597","359,663","368,463","728,126",-249,-222,-471
4137000000,경기도 오산시 ,"130,160","119,250","249,410","130,474","119,654","250,128",314,404,718,"130,474","119,654","250,128","130,695","119,823","250,518",221,169,390,"130,695","119,823","250,518","130,893","119,890","250,783",198,67,265,"130,893","119,890","250,783","131,183","120,212","251,395",290,322,612
4139000000,경기도 시흥시 ,"268,171","246,861","515,032","268,038","246,740","514,778",-133,-121,-254,"268,038","246,740","514,778","267,787","246,597","514,384",-251,-143,-394,"267,787","246,597","514,384","267,971","246,530","514,501",184,-67,117,"267,971","246,530","514,501","268,136","246,686","514,822",165,156,321
4141000000,경기도 군포시 ,"124,561","126,806","251,367","124,386","126,652","251,038",-175,-154,-329,"124,386","126,652","251,038","124,186","126,515","250,701",-200,-137,-337,"124,186","126,515","250,701","123,936","126,364","250,300",-250,-151,-401,"123,936","126,364","250,300","123,764","126,243","250,007",-172,-121,-293
4143000000,경기도 의왕시 ,"79,197","81,173","160,370","79,426","81,416","160,842",229,243,472,"79,426","81,416","160,842","79,527","81,656","161,183",101,240,341,"79,527","81,656","161,183","80,069","82,140","162,209",542,484,"1,026","80,069","82,140","162,209","80,450","82,522","162,972",381,382,763
4145000000,경기도 하남시 ,"162,749","165,190","327,939","162,741","165,307","328,048",-8,117,109,"162,741","165,307","328,048","162,579","165,161","327,740",-162,-146,-308,"162,579","165,161","327,740","162,567","165,257","327,824",-12,96,84,"162,567","165,257","327,824","162,505","165,176","327,681",-62,-81,-143
4146000000,경기도 용인시 ,"540,342","550,844","1,091,186","540,236","550,742","1,090,978",-106,-102,-208,"540,236","550,742","1,090,978","540,099","550,677","1,090,776",-137,-65,-202,"540,099","550,677","1,090,776","539,956","550,464","1,090,420",-143,-213,-356,"539,956","550,464","1,090,420","539,946","550,323","1,090,269",-10,-141,-151
4148000000,경기도 파주시 ,"265,014","260,991","526,005","265,546","261,636","527,182",532,645,"1,177","265,546","261,636","527,182","266,195","262,419","528,614",649,783,"1,432","266,195","262,419","528,614","266,949","263,252","530,201",754,833,"1,587","266,949","263,252","530,201","267,477","263,896","531,373",528,644,"1,172"
4150000000,경기도 이천시 ,"116,452","106,515","222,967","116,405","106,474","222,879",-47,-41,-88,"116,405","106,474","222,879","116,424","106,482","222,906",19,8,27,"116,424","106,482","222,906","116,617","106,612","223,229",193,130,323,"116,617","106,612","223,229","116,812","106,694","223,506",195,82,277
4155000000,경기도 안성시 ,"101,588","95,004","196,592","101,659","95,020","196,679",71,16,87,"101,659","95,020","196,679","101,765","95,106","196,871",106,86,192,"101,765","95,106","196,871","102,023","95,243","197,266",258,137,395,"102,023","95,243","197,266","102,418","95,671","198,089",395,428,823
4157000000,경기도 김포시 ,"241,910","242,882","484,792","241,809","242,885","484,694",-101,3,-98,"241,809","242,885","484,694","241,754","242,860","484,614",-55,-25,-80,"241,754","242,860","484,614","241,629","242,705","484,334",-125,-155,-280,"241,629","242,705","484,334","241,529","242,693","484,222",-100,-12,-112
4159000000,경기도 화성시 ,"513,098","476,871","989,969","513,623","477,469","991,092",525,598,"1,123","513,623","477,469","991,092","514,604","478,352","992,956",981,883,"1,864","514,604","478,352","992,956","515,787","479,466","995,253","1,183","1,114","2,297","515,787","479,466","995,253","516,434","480,148","996,582",647,682,"1,329"
4161000000,경기도 광주시 ,"202,342","195,004","397,346","202,293","195,071","397,364",-49,67,18,"202,293","195,071","397,364","202,159","195,015","397,174",-134,-56,-190,"202,159","195,015","397,174","202,107","195,059","397,166",-52,44,-8,"202,107","195,059","397,166","202,190","195,212","397,402",83,153,236
4163000000,경기도 양주시 ,"148,931","147,293","296,224","149,038","147,425","296,463",107,132,239,"149,038","147,425","296,463","149,162","147,578","296,740",124,153,277,"149,162","147,578","296,740","149,179","147,651","296,830",17,73,90,"149,179","147,651","296,830","149,176","147,734","296,910",-3,83,80
4165000000,경기도 포천시 ,"74,290","66,162","140,452","74,317","66,144","140,461",27,-18,9,"74,317","66,144","140,461","74,272","66,083","140,355",-45,-61,-106,"74,272","66,083","140,355","74,351","66,077","140,428",79,-6,73,"74,351","66,077","140,428","74,361","66,074","140,435",10,-3,7
4167000000,경기도 여주시 ,"58,102","55,900","114,002","58,037","55,848","113,885",-65,-52,-117,"58,037","55,848","113,885","57,981","55,754","113,735",-56,-94,-150,"57,981","55,754","113,735","57,937","55,684","113,621",-44,-70,-114,"57,937","55,684","113,621","57,934","55,671","113,605",-3,-13,-16
4180000000,경기도 연천군 ,"22,138","20,202","42,340","22,251","20,224","42,475",113,22,135,"22,251","20,224","42,475","22,294","20,284","42,578",43,60,103,"22,294","20,284","42,578","22,371","20,313","42,684",77,29,106,"22,371","20,313","42,684","22,429","20,385","42,814",58,72,130
4182000000,경기도 가평군 ,"31,959","30,166","62,125","31,901","30,125","62,026",-58,-41,-99,"31,901","30,125","62,026","31,887","30,143","62,030",-14,18,4,"31,887","30,143","62,030","31,845","30,118","61,963",-42,-25,-67,"31,845","30,118","61,963","31,867","30,143","62,010",22,25,47
4183000000,경기도 양평군 ,"63,745","63,188","126,933","63,781","63,205","126,986",36,17,53,"63,781","63,205","126,986","63,672","63,158","126,830",-109,-47,-156,"63,672","63,158","126,830","63,635","63,107","126,742",-37,-51,-88,"63,635","63,107","126,742","63,681","63,116","126,797",46,9,55
5100000000,강원특별자치도  ,"758,575","749,925","1,508,500","758,094","749,540","1,507,634",-481,-385,-866,"758,094","749,540","1,507,634","757,648","749,051","1,506,699",-446,-489,-935,"757,648","749,051","1,506,699","757,936","748,907","1,506,843",288,-144,144,"757,936","748,907","1,506,843","758,166","749,033","1,507,199",230,126,356
5111000000,강원특별자치도 춘천시 ,"140,549","144,685","285,234","140,355","144,540","284,895",-194,-145,-339,"140,355","144,540","284,895","140,307","144,548","284,855",-48,8,-40,"140,307","144,548","284,855","140,379","144,531","284,910",72,-17,55,"140,379","144,531","284,910","140,397","144,569","284,966",18,38,56
5113000000,강원특별자치도 원주시 ,"179,880","183,314","363,194","180,046","183,450","363,496",166,136,302,"180,046","183,450","363,496","180,125","183,544","363,669",79,94,173,"180,125","183,544","363,669","180,219","183,681","363,900",94,137,231,"180,219","183,681","363,900","180,403","183,883","364,286",184,202,386
5115000000,강원특별자치도 강릉시 ,"102,134","104,103","206,237","101,986","103,980","205,966",-148,-123,-271,"101,986","103,980","205,966","101,966","103,929","205,895",-20,-51,-71,"101,966","103,929","205,895","102,035","103,856","205,891",69,-73,-4,"102,035","103,856","205,891","102,033","103,816","205,849",-2,-40,-42
5117000000,강원특별자치도 동해시 ,"43,853","42,480","86,333","43,776","42,449","86,225",-77,-31,-108,"43,776","42,449","86,225","43,680","42,382","86,062",-96,-67,-163,"43,680","42,382","86,062","43,550","42,325","85,875",-130,-57,-187,"43,550","42,325","85,875","43,462","42,296","85,758",-88,-29,-117
5119000000,강원특별자치도 태백시 ,"18,724","18,364","37,088","18,653","18,319","36,972",-71,-45,-116,"18,653","18,319","36,972","18,619","18,267","36,886",-34,-52,-86,"18,619","18,267","36,886","18,641","18,218","36,859",22,-49,-27,"18,641","18,218","36,859","18,649","18,201","36,850",8,-17,-9
5121000000,강원특별자치도 속초시 ,"39,370","40,266","79,636","39,365","40,221","79,586",-5,-45,-50,"39,365","40,221","79,586","39,193","40,059","79,252",-172,-162,-334,"39,193","40,059","79,252","39,067","39,915","78,982",-126,-144,-270,"39,067","39,915","78,982","38,990","39,852","78,842",-77,-63,-140
5123000000,강원특별자치도 삼척시 ,"30,907","29,611","60,518","30,786","29,521","60,307",-121,-90,-211,"30,786","29,521","60,307","30,714","29,421","60,135",-72,-100,-172,"30,714","29,421","60,135","30,924","29,526","60,450",210,105,315,"30,924","29,526","60,450","30,958","29,503","60,461",34,-23,11
5172000000,강원특별자치도 홍천군 ,"34,051","32,058","66,109","33,993","32,015","66,008",-58,-43,-101,"33,993","32,015","66,008","33,964","31,973","65,937",-29,-42,-71,"33,964","31,973","65,937","33,975","31,987","65,962",11,14,25,"33,975","31,987","65,962","33,976","31,959","65,935",1,-28,-27
5173000000,강원특별자치도 횡성군 ,"23,530","22,097","45,627","23,526","22,065","45,591",-4,-32,-36,"23,526","22,065","45,591","23,551","22,032","45,583",25,-33,-8,"23,551","22,032","45,583","23,587","21,986","45,573",36,-46,-10,"23,587","21,986","45,573","23,625","22,000","45,625",38,14,52
5175000000,강원특별자치도 영월군 ,"18,703","17,351","36,054","18,668","17,329","35,997",-35,-22,-57,"18,668","17,329","35,997","18,633","17,284","35,917",-35,-45,-80,"18,633","17,284","35,917","18,615","17,253","35,868",-18,-31,-49,"18,615","17,253","35,868","18,600","17,236","35,836",-15,-17,-32
5176000000,강원특별자치도 평창군 ,"20,670","19,161","39,831","20,717","19,216","39,933",47,55,102,"20,717","19,216","39,933","20,716","19,233","39,949",-1,17,16,"20,716","19,233","39,949","20,664","19,196","39,860",-52,-37,-89,"20,664","19,196","39,860","20,683","19,221","39,904",19,25,44
5177000000,강원특별자치도 정선군 ,"18,293","16,586","34,879","18,364","16,618","34,982",71,32,103,"18,364","16,618","34,982","18,376","16,625","35,001",12,7,19,"18,376","16,625","35,001","18,408","16,645","35,053",32,20,52,"18,408","16,645","35,053","18,429","16,644","35,073",21,-1,20
5178000000,강원특별자치도 철원군 ,"20,622","19,357","39,979","20,608","19,345","39,953",-14,-12,-26,"20,608","19,345","39,953","20,558","19,260","39,818",-50,-85,-135,"20,558","19,260","39,818","20,563","19,239","39,802",5,-21,-16,"20,563","19,239","39,802","20,537","19,242","39,779",-26,3,-23
5179000000,강원특별자치도 화천군 ,"11,995","10,376","22,371","11,967","10,371","22,338",-28,-5,-33,"11,967","10,371","22,338","11,936","10,348","22,284",-31,-23,-54,"11,936","10,348","22,284","11,941","10,349","22,290",5,1,6,"11,941","10,349","22,290","11,972","10,363","22,335",31,14,45
5180000000,강원특별자치도 양구군 ,"10,720","9,690","20,410","10,697","9,676","20,373",-23,-14,-37,"10,697","9,676","20,373","10,680","9,702","20,382",-17,26,9,"10,680","9,702","20,382","10,690","9,678","20,368",10,-24,-14,"10,690","9,678","20,368","10,687","9,662","20,349",-3,-16,-19
5181000000,강원특별자치도 인제군 ,"16,881","13,982","30,863","16,870","13,944","30,814",-11,-38,-49,"16,870","13,944","30,814","16,848","13,894","30,742",-22,-50,-72,"16,848","13,894","30,742","16,849","13,911","30,760",1,17,18,"16,849","13,911","30,760","16,847","13,926","30,773",-2,15,13
5182000000,강원특별자치도 고성군 ,"13,731","13,114","26,845","13,732","13,117","26,849",1,3,4,"13,732","13,117","26,849","13,792","13,150","26,942",60,33,93,"13,792","13,150","26,942","13,856","13,220","27,076",64,70,134,"13,856","13,220","27,076","13,912","13,260","27,172",56,40,96
5183000000,강원특별자치도 양양군 ,"13,962","13,330","27,292","13,985","13,364","27,349",23,34,57,"13,985","13,364","27,349","13,990","13,400","27,390",5,36,41,"13,990","13,400","27,390","13,973","13,391","27,364",-17,-9,-26,"13,973","13,391","27,364","14,006","13,400","27,406",33,9,42
4300000000,충청북도  ,"813,665","782,837","1,596,502","813,869","782,880","1,596,749",204,43,247,"813,869","782,880","1,596,749","813,918","782,898","1,596,816",49,18,67,"813,918","782,898","1,596,816","814,682","783,294","1,597,976",764,396,"1,160","814,682","783,294","1,597,976","815,479","783,896","1,599,375",797,602,"1,399"
4311000000,충청북도 청주시 ,"433,251","422,901","856,152","433,513","423,116","856,629",262,215,477,"433,513","423,116","856,629","433,902","423,518","857,420",389,402,791,"433,902","423,518","857,420","434,127","423,809","857,936",225,291,516,"434,127","423,809","857,936","434,417","424,236","858,653",290,427,717
4313000000,충청북도 충주시 ,"104,733","101,807","206,540","104,624","101,646","206,270",-109,-161,-270,"104,624","101,646","206,270","104,529","101,648","206,177",-95,2,-93,"104,529","101,648","206,177","104,529","101,567","206,096",0,-81,-81,"104,529","101,567","206,096","104,591","101,498","206,089",62,-69,-7
4315000000,충청북도 제천시 ,"64,566","63,437","128,003","64,470","63,333","127,803",-96,-104,-200,"64,470","63,333","127,803","64,426","63,214","127,640",-44,-119,-163,"64,426","63,214","127,640","64,751","63,518","128,269",325,304,629,"64,751","63,518","128,269","64,807","63,575","128,382",56,57,113
4372000000,충청북도 보은군 ,"15,557","14,972","30,529","15,582","15,021","30,603",25,49,74,"15,582","15,021","30,603","15,582","15,019","30,601",0,-2,-2,"15,582","15,019","30,601","15,607","15,055","30,662",25,36,61,"15,607","15,055","30,662","15,627","15,078","30,705",20,23,43
4373000000,충청북도 옥천군 ,"25,145","24,456","49,601","25,351","24,649","50,000",206,193,399,"25,351","24,649","50,000","25,420","24,697","50,117",69,48,117,"25,420","24,697","50,117","25,530","24,729","50,259",110,32,142,"25,530","24,729","50,259","25,609","24,778","50,387",79,49,128
4374000000,충청북도 영동군 ,"21,712","21,320","43,032","21,771","21,365","43,136",59,45,104,"21,771","21,365","43,136","21,727","21,316","43,043",-44,-49,-93,"21,727","21,316","43,043","21,710","21,264","42,974",-17,-52,-69,"21,710","21,264","42,974","21,747","21,286","43,033",37,22,59
4374500000,충청북도 증평군 ,"19,129","17,551","36,680","19,103","17,553","36,656",-26,2,-24,"19,103","17,553","36,656","19,083","17,540","36,623",-20,-13,-33,"19,083","17,540","36,623","19,053","17,532","36,585",-30,-8,-38,"19,053","17,532","36,585","19,140","17,554","36,694",87,22,109
4375000000,충청북도 진천군 ,"45,741","40,839","86,580","45,447","40,522","85,969",-294,-317,-611,"45,447","40,522","85,969","45,303","40,386","85,689",-144,-136,-280,"45,303","40,386","85,689","45,271","40,319","85,590",-32,-67,-99,"45,271","40,319","85,590","45,339","40,284","85,623",68,-35,33
4376000000,충청북도 괴산군 ,"19,771","18,522","38,293","19,703","18,463","38,166",-68,-59,-127,"19,703","18,463","38,166","19,515","18,259","37,774",-188,-204,-392,"19,515","18,259","37,774","19,428","18,104","37,532",-87,-155,-242,"19,428","18,104","37,532","19,409","18,064","37,473",-19,-40,-59
4377000000,충청북도 음성군 ,"50,353","43,927","94,280","50,608","44,121","94,729",255,194,449,"50,608","44,121","94,729","50,768","44,253","95,021",160,132,292,"50,768","44,253","95,021","51,024","44,405","95,429",256,152,408,"51,024","44,405","95,429","51,140","44,540","95,680",116,135,251
4380000000,충청북도 단양군 ,"13,707","13,105","26,812","13,697","13,091","26,788",-10,-14,-24,"13,697","13,091","26,788","13,663","13,048","26,711",-34,-43,-77,"13,663","13,048","26,711","13,652","12,992","26,644",-11,-56,-67,"13,652","12,992","26,644","13,653","13,003","26,656",1,11,12
4400000000,충청남도  ,"1,097,059","1,039,694","2,136,753","1,096,950","1,039,254","2,136,204",-109,-440,-549,"1,096,950","1,039,254","2,136,204","1,097,210","1,038,854","2,136,064",260,-400,-140,"1,097,210","1,038,854","2,136,064","1,097,453","1,039,373","2,136,826",243,519,762,"1,097,453","1,039,373","2,136,826","1,098,060","1,039,629","2,137,689",607,256,863
4413000000,충청남도 천안시 ,"340,764","323,558","664,322","340,727","323,542","664,269",-37,-16,-53,"340,727","323,542","664,269","341,031","323,715","664,746",304,173,477,"341,031","323,715","664,746","341,161","323,919","665,080",130,204,334,"341,161","323,919","665,080","341,430","323,961","665,391",269,42,311
4415000000,충청남도 공주시 ,"49,844","50,135","99,979","49,756","49,974","99,730",-88,-161,-249,"49,756","49,974","99,730","49,709","49,842","99,551",-47,-132,-179,"49,709","49,842","99,551","49,800","50,043","99,843",91,201,292,"49,800","50,043","99,843","49,827","50,058","99,885",27,15,42
4418000000,충청남도 보령시 ,"46,672","45,445","92,117","46,554","45,328","91,882",-118,-117,-235,"46,554","45,328","91,882","46,429","45,192","91,621",-125,-136,-261,"46,429","45,192","91,621","46,327","45,107","91,434",-102,-85,-187,"46,327","45,107","91,434","46,298","45,069","91,367",-29,-38,-67
4420000000,충청남도 아산시 ,"187,390","171,988","359,378","187,708","172,311","360,019",318,323,641,"187,708","172,311","360,019","188,184","172,680","360,864",476,369,845,"188,184","172,680","360,864","188,529","173,061","361,590",345,381,726,"188,529","173,061","361,590","188,977","173,454","362,431",448,393,841
4421000000,충청남도 서산시 ,"90,325","82,113","172,438","90,284","82,013","172,297",-41,-100,-141,"90,284","82,013","172,297","90,110","81,783","171,893",-174,-230,-404,"90,110","81,783","171,893","89,888","81,668","171,556",-222,-115,-337,"89,888","81,668","171,556","89,774","81,619","171,393",-114,-49,-163
4423000000,충청남도 논산시 ,"53,566","53,211","106,777","53,479","53,136","106,615",-87,-75,-162,"53,479","53,136","106,615","53,471","53,051","106,522",-8,-85,-93,"53,471","53,051","106,522","53,369","52,926","106,295",-102,-125,-227,"53,369","52,926","106,295","53,361","52,837","106,198",-8,-89,-97
4425000000,충청남도 계룡시 ,"22,826","23,020","45,846","22,828","23,057","45,885",2,37,39,"22,828","23,057","45,885","22,877","23,113","45,990",49,56,105,"22,877","23,113","45,990","22,843","23,116","45,959",-34,3,-31,"22,843","23,116","45,959","22,840","23,120","45,960",-3,4,1
4427000000,충청남도 당진시 ,"92,717","79,847","172,564","92,664","79,750","172,414",-53,-97,-150,"92,664","79,750","172,414","92,607","79,644","172,251",-57,-106,-163,"92,607","79,644","172,251","92,619","79,630","172,249",12,-14,-2,"92,619","79,630","172,249","92,656","79,634","172,290",37,4,41
4471000000,충청남도 금산군 ,"24,878","24,020","48,898","24,843","23,961","48,804",-35,-59,-94,"24,843","23,961","48,804","24,844","23,897","48,741",1,-64,-63,"24,844","23,897","48,741","24,899","23,954","48,853",55,57,112,"24,899","23,954","48,853","24,956","24,003","48,959",57,49,106
4476000000,충청남도 부여군 ,"29,103","29,274","58,377","29,031","29,192","58,223",-72,-82,-154,"29,031","29,192","58,223","28,937","29,099","58,036",-94,-93,-187,"28,937","29,099","58,036","28,915","29,069","57,984",-22,-30,-52,"28,915","29,069","57,984","28,877","29,030","57,907",-38,-39,-77
4477000000,충청남도 서천군 ,"23,493","23,732","47,225","23,477","23,695","47,172",-16,-37,-53,"23,477","23,695","47,172","23,452","23,622","47,074",-25,-73,-98,"23,452","23,622","47,074","23,401","23,581","46,982",-51,-41,-92,"23,401","23,581","46,982","23,357","23,533","46,890",-44,-48,-92
4479000000,충청남도 청양군 ,"15,362","14,624","29,986","15,370","14,588","29,958",8,-36,-28,"15,370","14,588","29,958","15,362","14,557","29,919",-8,-31,-39,"15,362","14,557","29,919","15,458","14,619","30,077",96,62,158,"15,458","14,619","30,077","15,465","14,623","30,088",7,4,11
4480000000,충청남도 홍성군 ,"50,385","50,172","100,557","50,555","50,280","100,835",170,108,278,"50,555","50,280","100,835","50,643","50,397","101,040",88,117,205,"50,643","50,397","101,040","50,689","50,454","101,143",46,57,103,"50,689","50,454","101,143","50,796","50,542","101,338",107,88,195
4481000000,충청남도 예산군 ,"39,612","39,203","78,815","39,594","39,128","78,722",-18,-75,-93,"39,594","39,128","78,722","39,564","39,083","78,647",-30,-45,-75,"39,564","39,083","78,647","39,547","39,057","78,604",-17,-26,-43,"39,547","39,057","78,604","39,457","39,003","78,460",-90,-54,-144
4482500000,충청남도 태안군 ,"30,122","29,352","59,474","30,080","29,299","59,379",-42,-53,-95,"30,080","29,299","59,379","29,990","29,179","59,169",-90,-120,-210,"29,990","29,179","59,169","30,008","29,169","59,177",18,-10,8,"30,008","29,169","59,177","29,989","29,143","59,132",-19,-26,-45
5200000000,전북특별자치도  ,"859,325","865,531","1,724,856","858,643","864,854","1,723,497",-682,-677,"-1,359","858,643","864,854","1,723,497","858,094","863,847","1,721,941",-549,"-1,007","-1,556","858,094","863,847","1,721,941","857,671","863,141","1,720,812",-423,-706,"-1,129","857,671","863,141","1,720,812","857,466","862,737","1,720,203",-205,-404,-609
5211000000,전북특별자치도 전주시 ,"306,734","318,703","625,437","306,162","318,079","624,241",-572,-624,"-1,196","306,162","318,079","624,241","305,826","317,607","623,433",-336,-472,-808,"305,826","317,607","623,433","305,614","317,301","622,915",-212,-306,-518,"305,614","317,301","622,915","305,264","316,978","622,242",-350,-323,-673
5213000000,전북특별자치도 군산시 ,"130,039","126,252","256,291","129,954","126,173","256,127",-85,-79,-164,"129,954","126,173","256,127","129,870","126,016","255,886",-84,-157,-241,"129,870","126,016","255,886","129,701","125,864","255,565",-169,-152,-321,"129,701","125,864","255,565","129,733","125,865","255,598",32,1,33
5214000000,전북특별자치도 익산시 ,"132,792","134,274","267,066","132,737","134,230","266,967",-55,-44,-99,"132,737","134,230","266,967","132,656","134,141","266,797",-81,-89,-170,"132,656","134,141","266,797","132,781","134,192","266,973",125,51,176,"132,781","134,192","266,973","132,774","134,178","266,952",-7,-14,-21
5218000000,전북특별자치도 정읍시 ,"50,551","50,572","101,123","50,556","50,573","101,129",5,1,6,"50,556","50,573","101,129","50,521","50,459","100,980",-35,-114,-149,"50,521","50,459","100,980","50,440","50,355","100,795",-81,-104,-185,"50,440","50,355","100,795","50,392","50,332","100,724",-48,-23,-71
5219000000,전북특별자치도 남원시 ,"36,493","37,779","74,272","36,527","37,837","74,364",34,58,92,"36,527","37,837","74,364","36,482","37,761","74,243",-45,-76,-121,"36,482","37,761","74,243","36,422","37,643","74,065",-60,-118,-178,"36,422","37,643","74,065","36,435","37,620","74,055",13,-23,-10
5221000000,전북특별자치도 김제시 ,"40,986","40,690","81,676","41,031","40,792","81,823",45,102,147,"41,031","40,792","81,823","40,993","40,750","81,743",-38,-42,-80,"40,993","40,750","81,743","40,962","40,751","81,713",-31,1,-30,"40,962","40,751","81,713","41,021","40,737","81,758",59,-14,45
5271000000,전북특별자치도 완주군 ,"51,625","48,819","100,444","51,592","48,780","100,372",-33,-39,-72,"51,592","48,780","100,372","51,611","48,744","100,355",19,-36,-17,"51,611","48,744","100,355","51,458","48,661","100,119",-153,-83,-236,"51,458","48,661","100,119","51,462","48,630","100,092",4,-31,-27
5272000000,전북특별자치도 진안군 ,"12,410","11,839","24,249","12,431","11,853","24,284",21,14,35,"12,431","11,853","24,284","12,437","11,852","24,289",6,-1,5,"12,437","11,852","24,289","12,435","11,886","24,321",-2,34,32,"12,435","11,886","24,321","12,466","11,907","24,373",31,21,52
5273000000,전북특별자치도 무주군 ,"11,461","11,326","22,787","11,454","11,323","22,777",-7,-3,-10,"11,454","11,323","22,777","11,494","11,377","22,871",40,54,94,"11,494","11,377","22,871","11,613","11,450","23,063",119,73,192,"11,613","11,450","23,063","11,657","11,495","23,152",44,45,89
5274000000,전북특별자치도 장수군 ,"10,531","10,391","20,922","10,585","10,430","21,015",54,39,93,"10,585","10,430","21,015","10,608","10,444","21,052",23,14,37,"10,608","10,444","21,052","10,643","10,447","21,090",35,3,38,"10,643","10,447","21,090","10,660","10,457","21,117",17,10,27
5275000000,전북특별자치도 임실군 ,"13,070","12,189","25,259","13,109","12,189","25,298",39,0,39,"13,109","12,189","25,298","13,120","12,189","25,309",11,0,11,"13,120","12,189","25,309","13,112","12,188","25,300",-8,-1,-9,"13,112","12,188","25,300","13,131","12,201","25,332",19,13,32
5277000000,전북특별자치도 순창군 ,"13,689","14,025","27,714","13,674","13,991","27,665",-15,-34,-49,"13,674","13,991","27,665","13,704","13,983","27,687",30,-8,22,"13,704","13,983","27,687","13,689","13,938","27,627",-15,-45,-60,"13,689","13,938","27,627","13,697","13,910","27,607",8,-28,-20
5279000000,전북특별자치도 고창군 ,"25,274","25,122","50,396","25,174","25,068","50,242",-100,-54,-154,"25,174","25,068","50,242","25,160","25,036","50,196",-14,-32,-46,"25,160","25,036","50,196","25,212","25,016","50,228",52,-20,32,"25,212","25,016","50,228","25,191","24,979","50,170",-21,-37,-58
5280000000,전북특별자치도 부안군 ,"23,670","23,550","47,220","23,657","23,536","47,193",-13,-14,-27,"23,657","23,536","47,193","23,612","23,488","47,100",-45,-48,-93,"23,612","23,488","47,100","23,589","23,449","47,038",-23,-39,-62,"23,589","23,449","47,038","23,583","23,448","47,031",-6,-1,-7
4600000000,전라남도  ,"898,640","880,495","1,779,135","898,237","879,934","1,778,171",-403,-561,-964,"898,237","879,934","1,778,171","897,622","878,925","1,776,547",-615,"-1,009","-1,624","897,622","878,925","1,776,547","897,191","877,935","1,775,126",-431,-990,"-1,421","897,191","877,935","1,775,126","897,139","877,892","1,775,031",-52,-43,-95
4611000000,전라남도 목포시 ,"100,455","101,548","202,003","100,226","101,318","201,544",-229,-230,-459,"100,226","101,318","201,544","99,968","101,057","201,025",-258,-261,-519,"99,968","101,057","201,025","99,690","100,752","200,442",-278,-305,-583,"99,690","100,752","200,442","99,492","100,624","200,116",-198,-128,-326
4613000000,전라남도 여수시 ,"133,842","129,442","263,284","133,600","129,232","262,832",-242,-210,-452,"133,600","129,232","262,832","133,250","128,968","262,218",-350,-264,-614,"133,250","128,968","262,218","132,956","128,693","261,649",-294,-275,-569,"132,956","128,693","261,649","132,715","128,493","261,208",-241,-200,-441
4615000000,전라남도 순천시 ,"137,558","137,934","275,492","137,307","137,707","275,014",-251,-227,-478,"137,307","137,707","275,014","137,171","137,592","274,763",-136,-115,-251,"137,171","137,592","274,763","137,088","137,441","274,529",-83,-151,-234,"137,088","137,441","274,529","137,235","137,679","274,914",147,238,385
4617000000,전라남도 나주시 ,"59,263","57,813","117,076","59,232","57,796","117,028",-31,-17,-48,"59,232","57,796","117,028","59,210","57,730","116,940",-22,-66,-88,"59,210","57,730","116,940","59,170","57,660","116,830",-40,-70,-110,"59,170","57,660","116,830","59,170","57,647","116,817",0,-13,-13
4623000000,전라남도 광양시 ,"81,469","73,790","155,259","81,588","73,909","155,497",119,119,238,"81,588","73,909","155,497","81,698","73,974","155,672",110,65,175,"81,698","73,974","155,672","81,730","73,969","155,699",32,-5,27,"81,730","73,969","155,699","81,797","74,018","155,815",67,49,116
4671000000,전라남도 담양군 ,"22,300","21,877","44,177","22,290","21,850","44,140",-10,-27,-37,"22,290","21,850","44,140","22,295","21,813","44,108",5,-37,-32,"22,295","21,813","44,108","22,319","21,782","44,101",24,-31,-7,"22,319","21,782","44,101","22,313","21,846","44,159",-6,64,58
4672000000,전라남도 곡성군 ,"13,565","13,722","27,287","13,641","13,785","27,426",76,63,139,"13,641","13,785","27,426","13,697","13,802","27,499",56,17,73,"13,697","13,802","27,499","13,751","13,831","27,582",54,29,83,"13,751","13,831","27,582","13,783","13,861","27,644",32,30,62
4673000000,전라남도 구례군 ,"11,639","12,164","23,803","11,666","12,200","23,866",27,36,63,"11,666","12,200","23,866","11,681","12,223","23,904",15,23,38,"11,681","12,223","23,904","11,703","12,238","23,941",22,15,37,"11,703","12,238","23,941","11,709","12,246","23,955",6,8,14
4677000000,전라남도 고흥군 ,"29,431","30,024","59,455","29,427","29,967","59,394",-4,-57,-61,"29,427","29,967","59,394","29,398","29,919","59,317",-29,-48,-77,"29,398","29,919","59,317","29,365","29,829","59,194",-33,-90,-123,"29,365","29,829","59,194","29,363","29,765","59,128",-2,-64,-66
4678000000,전라남도 보성군 ,"18,111","18,747","36,858","18,173","18,783","36,956",62,36,98,"18,173","18,783","36,956","18,119","18,700","36,819",-54,-83,-137,"18,119","18,700","36,819","18,070","18,659","36,729",-49,-41,-90,"18,070","18,659","36,729","18,045","18,638","36,683",-25,-21,-46
4679000000,전라남도 화순군 ,"29,857","30,358","60,215","29,857","30,348","60,205",0,-10,-10,"29,857","30,348","60,205","29,828","30,332","60,160",-29,-16,-45,"29,828","30,332","60,160","29,817","30,309","60,126",-11,-23,-34,"29,817","30,309","60,126","29,773","30,302","60,075",-44,-7,-51
4680000000,전라남도 장흥군 ,"16,849","17,352","34,201","16,833","17,308","34,141",-16,-44,-60,"16,833","17,308","34,141","16,826","17,276","34,102",-7,-32,-39,"16,826","17,276","34,102","16,825","17,251","34,076",-1,-25,-26,"16,825","17,251","34,076","16,811","17,239","34,050",-14,-12,-26
4681000000,전라남도 강진군 ,"15,601","16,198","31,799","15,612","16,192","31,804",11,-6,5,"15,612","16,192","31,804","15,595","16,164","31,759",-17,-28,-45,"15,595","16,164","31,759","15,602","16,174","31,776",7,10,17,"15,602","16,174","31,776","15,618","16,169","31,787",16,-5,11
4682000000,전라남도 해남군 ,"31,269","30,919","62,188","31,267","30,904","62,171",-2,-15,-17,"31,267","30,904","62,171","31,260","30,887","62,147",-7,-17,-24,"31,260","30,887","62,147","31,256","30,858","62,114",-4,-29,-33,"31,256","30,858","62,114","31,286","30,850","62,136",30,-8,22
4683000000,전라남도 영암군 ,"26,351","23,718","50,069","26,333","23,718","50,051",-18,0,-18,"26,333","23,718","50,051","26,370","23,688","50,058",37,-30,7,"26,370","23,688","50,058","26,388","23,651","50,039",18,-37,-19,"26,388","23,651","50,039","26,397","23,669","50,066",9,18,27
4684000000,전라남도 무안군 ,"48,127","47,465","95,592","48,162","47,548","95,710",35,83,118,"48,162","47,548","95,710","48,141","47,555","95,696",-21,7,-14,"48,141","47,555","95,696","48,183","47,549","95,732",42,-6,36,"48,183","47,549","95,732","48,232","47,577","95,809",49,28,77
4686000000,전라남도 함평군 ,"15,028","14,430","29,458","15,024","14,370","29,394",-4,-60,-64,"15,024","14,370","29,394","14,997","14,328","29,325",-27,-42,-69,"14,997","14,328","29,325","14,999","14,321","29,320",2,-7,-5,"14,999","14,321","29,320","15,036","14,351","29,387",37,30,67
4687000000,전라남도 영광군 ,"26,817","26,709","53,526","26,913","26,800","53,713",96,91,187,"26,913","26,800","53,713","26,972","26,835","53,807",59,35,94,"26,972","26,835","53,807","27,060","26,897","53,957",88,62,150,"27,060","26,897","53,957","27,052","26,917","53,969",-8,20,12
4688000000,전라남도 장성군 ,"22,038","20,920","42,958","22,043","20,932","42,975",5,12,17,"22,043","20,932","42,975","22,082","20,919","43,001",39,-13,26,"22,082","20,919","43,001","22,085","20,899","42,984",3,-20,-17,"22,085","20,899","42,984","22,096","20,894","42,990",11,-5,6
4689000000,전라남도 완도군 ,"22,628","21,985","44,613","22,599","21,936","44,535",-29,-49,-78,"22,599","21,936","44,535","22,558","21,858","44,416",-41,-78,-119,"22,558","21,858","44,416","22,538","21,801","44,339",-20,-57,-77,"22,538","21,801","44,339","22,517","21,760","44,277",-21,-41,-62
4690000000,전라남도 진도군 ,"14,012","13,952","27,964","14,013","13,912","27,925",1,-40,-39,"14,013","13,912","27,925","14,033","13,889","27,922",20,-23,-3,"14,033","13,889","27,922","14,043","13,879","27,922",10,-10,0,"14,043","13,879","27,922","14,066","13,856","27,922",23,-23,0
4691000000,전라남도 신안군 ,"22,430","19,428","41,858","22,431","19,419","41,850",1,-9,-8,"22,431","19,419","41,850","22,473","19,416","41,889",42,-3,39,"22,473","19,416","41,889","22,553","19,492","42,045",80,76,156,"22,553","19,492","42,045","22,633","19,491","42,124",80,-1,79
4700000000,경상북도  ,"1,268,493","1,238,033","2,506,526","1,266,938","1,236,606","2,503,544","-1,555","-1,427","-2,982","1,266,938","1,236,606","2,503,544","1,265,562","1,234,937","2,500,499","-1,376","-1,669","-3,045","1,265,562","1,234,937","2,500,499","1,265,615","1,233,742","2,499,357",53,"-1,195","-1,142","1,265,615","1,233,742","2,499,357","1,265,190","1,233,174","2,498,364",-425,-568,-993
4711000000,경상북도 포항시 ,"247,802","240,905","488,707","247,733","240,950","488,683",-69,45,-24,"247,733","240,950","488,683","247,583","240,852","488,435",-150,-98,-248,"247,583","240,852","488,435","247,210","240,559","487,769",-373,-293,-666,"247,210","240,559","487,769","246,928","240,452","487,380",-282,-107,-389
4713000000,경상북도 경주시 ,"122,181","121,874","244,055","122,041","121,740","243,781",-140,-134,-274,"122,041","121,740","243,781","121,928","121,534","243,462",-113,-206,-319,"121,928","121,534","243,462","121,869","121,413","243,282",-59,-121,-180,"121,869","121,413","243,282","121,808","121,375","243,183",-61,-38,-99
4715000000,경상북도 김천시 ,"67,383","66,408","133,791","67,184","66,260","133,444",-199,-148,-347,"67,184","66,260","133,444","66,993","66,087","133,080",-191,-173,-364,"66,993","66,087","133,080","67,154","65,991","133,145",161,-96,65,"67,154","65,991","133,145","67,095","65,954","133,049",-59,-37,-96
4717000000,경상북도 안동시 ,"75,577","77,033","152,610","75,329","76,820","152,149",-248,-213,-461,"75,329","76,820","152,149","75,104","76,641","151,745",-225,-179,-404,"75,104","76,641","151,745","75,388","76,709","152,097",284,68,352,"75,388","76,709","152,097","75,636","76,833","152,469",248,124,372
4719000000,경상북도 구미시 ,"208,724","195,159","403,883","208,618","195,031","403,649",-106,-128,-234,"208,618","195,031","403,649","208,432","194,822","403,254",-186,-209,-395,"208,432","194,822","403,254","208,585","194,652","403,237",153,-170,-17,"208,585","194,652","403,237","208,540","194,573","403,113",-45,-79,-124
4721000000,경상북도 영주시 ,"48,298","48,864","97,162","48,246","48,775","97,021",-52,-89,-141,"48,246","48,775","97,021","48,129","48,661","96,790",-117,-114,-231,"48,129","48,661","96,790","48,119","48,554","96,673",-10,-107,-117,"48,119","48,554","96,673","48,063","48,492","96,555",-56,-62,-118
4723000000,경상북도 영천시 ,"48,692","46,493","95,185","48,566","46,377","94,943",-126,-116,-242,"48,566","46,377","94,943","48,468","46,288","94,756",-98,-89,-187,"48,468","46,288","94,756","48,420","46,213","94,633",-48,-75,-123,"48,420","46,213","94,633","48,320","46,166","94,486",-100,-47,-147
4725000000,경상북도 상주시 ,"44,385","45,503","89,888","44,327","45,468","89,795",-58,-35,-93,"44,327","45,468","89,795","44,235","45,367","89,602",-92,-101,-193,"44,235","45,367","89,602","44,305","45,274","89,579",70,-93,-23,"44,305","45,274","89,579","44,241","45,226","89,467",-64,-48,-112
4728000000,경상북도 문경시 ,"32,156","33,192","65,348","32,079","33,110","65,189",-77,-82,-159,"32,079","33,110","65,189","31,969","33,020","64,989",-110,-90,-200,"31,969","33,020","64,989","31,915","32,989","64,904",-54,-31,-85,"31,915","32,989","64,904","31,899","32,973","64,872",-16,-16,-32
4729000000,경상북도 경산시 ,"132,464","131,389","263,853","132,170","131,211","263,381",-294,-178,-472,"132,170","131,211","263,381","132,131","131,185","263,316",-39,-26,-65,"132,131","131,185","263,316","132,224","131,259","263,483",93,74,167,"132,224","131,259","263,483","132,275","131,250","263,525",51,-9,42
4773000000,경상북도 의성군 ,"24,028","23,874","47,902","24,042","23,833","47,875",14,-41,-27,"24,042","23,833","47,875","24,064","23,804","47,868",22,-29,-7,"24,064","23,804","47,868","24,054","23,766","47,820",-10,-38,-48,"24,054","23,766","47,820","24,055","23,774","47,829",1,8,9
4775000000,경상북도 청송군 ,"11,799","11,564","23,363","11,785","11,540","23,325",-14,-24,-38,"11,785","11,540","23,325","11,785","11,528","23,313",0,-12,-12,"11,785","11,528","23,313","11,765","11,518","23,283",-20,-10,-30,"11,765","11,518","23,283","11,730","11,525","23,255",-35,7,-28
4776000000,경상북도 영양군 ,"7,962","7,979","15,941","8,020","7,977","15,997",58,-2,56,"8,020","7,977","15,997","8,029","7,957","15,986",9,-20,-11,"8,029","7,957","15,986","8,060","7,945","16,005",31,-12,19,"8,060","7,945","16,005","8,067","7,924","15,991",7,-21,-14
4777000000,경상북도 영덕군 ,"15,710","16,988","32,698","15,668","16,959","32,627",-42,-29,-71,"15,668","16,959","32,627","15,649","16,940","32,589",-19,-19,-38,"15,649","16,940","32,589","15,640","16,904","32,544",-9,-36,-45,"15,640","16,904","32,544","15,653","16,886","32,539",13,-18,-5
4782000000,경상북도 청도군 ,"20,027","20,090","40,117","20,038","20,077","40,115",11,-13,-2,"20,038","20,077","40,115","20,048","20,071","40,119",10,-6,4,"20,048","20,071","40,119","20,082","20,042","40,124",34,-29,5,"20,082","20,042","40,124","20,117","20,017","40,134",35,-25,10
4783000000,경상북도 고령군 ,"15,333","14,334","29,667","15,336","14,312","29,648",3,-22,-19,"15,336","14,312","29,648","15,335","14,290","29,625",-1,-22,-23,"15,335","14,290","29,625","15,330","14,278","29,608",-5,-12,-17,"15,330","14,278","29,608","15,352","14,297","29,649",22,19,41
4784000000,경상북도 성주군 ,"21,319","19,401","40,720","21,263","19,373","40,636",-56,-28,-84,"21,263","19,373","40,636","21,237","19,334","40,571",-26,-39,-65,"21,237","19,334","40,571","21,223","19,331","40,554",-14,-3,-17,"21,223","19,331","40,554","21,225","19,318","40,543",2,-13,-11
4785000000,경상북도 칠곡군 ,"55,208","49,634","104,842","55,096","49,500","104,596",-112,-134,-246,"55,096","49,500","104,596","54,999","49,348","104,347",-97,-152,-249,"54,999","49,348","104,347","54,805","49,194","103,999",-194,-154,-348,"54,805","49,194","103,999","54,713","49,094","103,807",-92,-100,-192
4790000000,경상북도 예천군 ,"26,661","27,226","53,887","26,661","27,218","53,879",0,-8,-8,"26,661","27,218","53,879","26,655","27,153","53,808",-6,-65,-71,"26,655","27,153","53,808","26,589","27,081","53,670",-66,-72,-138,"26,589","27,081","53,670","26,525","27,004","53,529",-64,-77,-141
4792000000,경상북도 봉화군 ,"14,464","13,851","28,315","14,426","13,826","28,252",-38,-25,-63,"14,426","13,826","28,252","14,399","13,759","28,158",-27,-67,-94,"14,399","13,759","28,158","14,397","13,777","28,174",-2,18,16,"14,397","13,777","28,174","14,398","13,763","28,161",1,-14,-13
4793000000,경상북도 울진군 ,"23,430","22,466","45,896","23,413","22,440","45,853",-17,-26,-43,"23,413","22,440","45,853","23,471","22,491","45,962",58,51,109,"23,471","22,491","45,962","23,552","22,478","46,030",81,-13,68,"23,552","22,478","46,030","23,612","22,469","46,081",60,-9,51
4794000000,경상북도 울릉군 ,"4,890","3,806","8,696","4,897","3,809","8,706",7,3,10,"4,897","3,809","8,706","4,919","3,805","8,724",22,-4,18,"4,919","3,805","8,724","4,929","3,815","8,744",10,10,20,"4,929","3,815","8,744","4,938","3,809","8,747",9,-6,3
4800000000,경상남도  ,"1,617,421","1,589,962","3,207,383","1,616,723","1,589,064","3,205,787",-698,-898,"-1,596","1,616,723","1,589,064","3,205,787","1,614,651","1,586,738","3,201,389","-2,072","-2,326","-4,398","1,614,651","1,586,738","3,201,389","1,613,522","1,585,265","3,198,787","-1,129","-1,473","-2,602","1,613,522","1,585,265","3,198,787","1,612,989","1,584,870","3,197,859",-533,-395,-928
4812000000,경상남도 창원시 ,"501,281","489,617","990,898","501,043","489,364","990,407",-238,-253,-491,"501,043","489,364","990,407","500,341","488,577","988,918",-702,-787,"-1,489","500,341","488,577","988,918","499,748","487,980","987,728",-593,-597,"-1,190","499,748","487,980","987,728","499,439","487,812","987,251",-309,-168,-477
4817000000,경상남도 진주시 ,"165,997","169,942","335,939","165,667","169,675","335,342",-330,-267,-597,"165,667","169,675","335,342","165,557","169,551","335,108",-110,-124,-234,"165,557","169,551","335,108","165,653","169,649","335,302",96,98,194,"165,653","169,649","335,302","165,491","169,514","335,005",-162,-135,-297
4822000000,경상남도 통영시 ,"58,621","58,046","116,667","58,489","57,930","116,419",-132,-116,-248,"58,489","57,930","116,419","58,395","57,813","116,208",-94,-117,-211,"58,395","57,813","116,208","58,279","57,689","115,968",-116,-124,-240,"58,279","57,689","115,968","58,193","57,633","115,826",-86,-56,-142
4824000000,경상남도 사천시 ,"54,795","53,140","107,935","54,820","53,134","107,954",25,-6,19,"54,820","53,134","107,954","54,792","53,097","107,889",-28,-37,-65,"54,792","53,097","107,889","54,747","53,037","107,784",-45,-60,-105,"54,747","53,037","107,784","54,789","53,015","107,804",42,-22,20
4825000000,경상남도 김해시 ,"269,634","263,401","533,035","269,743","263,532","533,275",109,131,240,"269,743","263,532","533,275","269,469","263,246","532,715",-274,-286,-560,"269,469","263,246","532,715","269,272","263,135","532,407",-197,-111,-308,"269,272","263,135","532,407","269,381","263,306","532,687",109,171,280
4827000000,경상남도 밀양시 ,"49,257","49,995","99,252","49,189","49,898","99,087",-68,-97,-165,"49,189","49,898","99,087","49,086","49,815","98,901",-103,-83,-186,"49,086","49,815","98,901","49,020","49,755","98,775",-66,-60,-126,"49,020","49,755","98,775","49,015","49,713","98,728",-5,-42,-47
4831000000,경상남도 거제시 ,"121,459","109,719","231,178","121,317","109,554","230,871",-142,-165,-307,"121,317","109,554","230,871","120,966","109,151","230,117",-351,-403,-754,"120,966","109,151","230,117","120,699","108,886","229,585",-267,-265,-532,"120,699","108,886","229,585","120,629","108,861","229,490",-70,-25,-95
4833000000,경상남도 양산시 ,"180,858","180,297","361,155","180,976","180,373","361,349",118,76,194,"180,976","180,373","361,349","180,928","180,408","361,336",-48,35,-13,"180,928","180,408","361,336","181,002","180,228","361,230",74,-180,-106,"181,002","180,228","361,230","181,043","180,328","361,371",41,100,141
4872000000,경상남도 의령군 ,"12,352","12,284","24,636","12,325","12,266","24,591",-27,-18,-45,"12,325","12,266","24,591","12,296","12,235","24,531",-29,-31,-60,"12,296","12,235","24,531","12,275","12,228","24,503",-21,-7,-28,"12,275","12,228","24,503","12,286","12,216","24,502",11,-12,-1
4873000000,경상남도 함안군 ,"29,556","28,002","57,558","29,546","28,002","57,548",-10,0,-10,"29,546","28,002","57,548","29,472","27,873","57,345",-74,-129,-203,"29,472","27,873","57,345","29,414","27,794","57,208",-58,-79,-137,"29,414","27,794","57,208","29,385","27,736","57,121",-29,-58,-87
4874000000,경상남도 창녕군 ,"27,636","27,264","54,900","27,634","27,290","54,924",-2,26,24,"27,634","27,290","54,924","27,631","27,252","54,883",-3,-38,-41,"27,631","27,252","54,883","27,565","27,178","54,743",-66,-74,-140,"27,565","27,178","54,743","27,514","27,126","54,640",-51,-52,-103
4882000000,경상남도 고성군 ,"23,923","23,176","47,099","23,877","23,141","47,018",-46,-35,-81,"23,877","23,141","47,018","23,801","23,100","46,901",-76,-41,-117,"23,801","23,100","46,901","23,778","23,064","46,842",-23,-36,-59,"23,778","23,064","46,842","23,788","23,052","46,840",10,-12,-2
4884000000,경상남도 남해군 ,"19,902","20,868","40,770","19,964","20,910","40,874",62,42,104,"19,964","20,910","40,874","19,988","20,899","40,887",24,-11,13,"19,988","20,899","40,887","20,075","20,979","41,054",87,80,167,"20,075","20,979","41,054","20,091","20,975","41,066",16,-4,12
4885000000,경상남도 하동군 ,"20,099","19,875","39,974","20,087","19,855","39,942",-12,-20,-32,"20,087","19,855","39,942","20,035","19,800","39,835",-52,-55,-107,"20,035","19,800","39,835","20,007","19,762","39,769",-28,-38,-66,"20,007","19,762","39,769","19,991","19,761","39,752",-16,-1,-17
4886000000,경상남도 산청군 ,"16,280","16,465","32,745","16,298","16,441","32,739",18,-24,-6,"16,298","16,441","32,739","16,285","16,394","32,679",-13,-47,-60,"16,285","16,394","32,679","16,286","16,376","32,662",1,-18,-17,"16,286","16,376","32,662","16,328","16,392","32,720",42,16,58
4887000000,경상남도 함양군 ,"17,384","18,088","35,472","17,386","18,028","35,414",2,-60,-58,"17,386","18,028","35,414","17,380","18,008","35,388",-6,-20,-26,"17,380","18,008","35,388","17,359","17,963","35,322",-21,-45,-66,"17,359","17,963","35,322","17,319","17,933","35,252",-40,-30,-70
4888000000,경상남도 거창군 ,"29,024","29,956","58,980","29,005","29,893","58,898",-19,-63,-82,"29,005","29,893","58,898","28,914","29,823","58,737",-91,-70,-161,"28,914","29,823","58,737","29,028","29,881","58,909",114,58,172,"29,028","29,881","58,909","29,016","29,873","58,889",-12,-8,-20
4889000000,경상남도 합천군 ,"19,363","19,827","39,190","19,357","19,778","39,135",-6,-49,-55,"19,357","19,778","39,135","19,315","19,696","39,011",-42,-82,-124,"19,315","19,696","39,011","19,315","19,681","38,996",0,-15,-15,"19,315","19,681","38,996","19,291","19,624","38,915",-24,-57,-81
5000000000,제주특별자치도  ,"332,165","332,627","664,792","331,791","332,204","663,995",-374,-423,-797,"331,791","332,204","663,995","331,526","331,988","663,514",-265,-216,-481,"331,526","331,988","663,514","331,326","331,851","663,177",-200,-137,-337,"331,326","331,851","663,177","331,361","331,868","663,229",35,17,52
5011000000,제주특별자치도 제주시 ,"241,778","243,404","485,182","241,608","243,155","484,763",-170,-249,-419,"241,608","243,155","484,763","241,468","243,046","484,514",-140,-109,-249,"241,468","243,046","484,514","241,336","243,047","484,383",-132,1,-131,"241,336","243,047","484,383","241,310","243,021","484,331",-26,-26,-52
5013000000,제주특별자치도 서귀포시 ,"90,387","89,223","179,610","90,183","89,049","179,232",-204,-174,-378,"90,183","89,049","179,232","90,058","88,942","179,000",-125,-107,-232,"90,058","88,942","179,000","89,990","88,804","178,794",-68,-138,-206,"89,990","88,804","178,794","90,051","88,847","178,898",61,43,104
